CA1010MX,Bmw,X5,2005
CA1111KL,Ford,Mustang,2010
B3135ZX,Renault,Clio1,1993
PK8799MN,Volkswagen,Golf5,2005
PK4532MN,Volkswagen,Tuareg,2009
A6578MB,Bmw,X6,2011
PA7654LK,Renault,Scenic,2000
P8743ZC,Honda,Civic,2010
B0909KA,Renault,Clio3,2004
PK6435LO,Volkswagen,Golf1,1995
CA3255JB,Volkswagen,Passat,1998
CA9854TO,Volkswagen,Passat,2007
B8435BF,Trabant,1,1975
A7643HA,Ford,Fiesta,2001
B5432KL,Bmw,M3,2011
A1212KK,Opel,Insignia,2010
CA2311AX,Opel,Kadett,1998
CA1215LX,Bmw,X5,2005
CA1341XL,Ford,M,2003
B3112MP,Renault,Clio1,2012
PK7652KD,Volkswagen,Golf5,2003
PK5612JH,Volkswagen,Tuareg,2009
A4312ZB,Bmw,X6,2011
PA6754NN,Renault,Scenic,2000
P3453MS,Honda,Civic,2010
B3255AV,Renault,Clio3,2004
PK8762PO,Volkswagen,Golf1,1995
CA8899KD,Volkswagen,Passat,1996
B7762KP,Trabant,2,1975
A9933SA,Ford,Fiesta,2001
B6421OU,Bmw,M3,2011
A2334LL,Opel,Insignia,2009
CA9090SG,Opel,Kadett,1997
CA2343GD,Bmw,X5,2005
CA4353NJ,Ford,M,2003
B3454KH,Renault,Clio1,2012
PK5346GF,Volkswagen,Golf5,2003k
PK3243RE,Volkswagen,Tuareg,2009
A2356WQ,Bmw,X6,2011
PA9779UK,Renault,Scenic,2000
P9873DS,Honda,Civic,2010
B3495UU,Renault,Clio3,2004
PK6543VV,Volkswagen,Golf1,1995
CA7937MQ,Volkswagen,Passat,1998
CA0876OO,Volkswagen,Passat,1998
B7590PP,Trabant,1,1975
A4653OI,Ford,Fiesta,2001
B8424LZ,Bmw,M3,2011
A6344RT,Opel,Insignia,2010
CA3268TR,Opel,Kadett,1998
CA9743NG,Bmw,X5,2005
CA3256KE,Ford,M,2003
B8712PT,Renault,Clio1,2012
PK2145IY,Volkswagen,Golf5,2003
PK2453YR,Volkswagen,Tuareg,2009
A3456NH,Bmw,X6,2011
PA9838QW,Renault,Scenic,2000
P5324EW,Honda,Civic,2010
B2345ZQ,Renault,Clio3,2004
PK9344IY,Volkswagen,Golf1,1995
CA9120MJ,Volkswagen,Passat,1996
B9933KS,Trabant,2,1975
A7923OT,Ford,Fiesta,2001
B9654BM,Bmw,M3,2011
A9838LQ,Opel,Insignia,2009
CA0909ZQ,Opel,Kadett,1997
CA2354LK,Bmw,X5,2005
CA0430CW,Ford,M,2003
B3135MW,Renault,Clio1,2012
PK2343OW,Volkswagen,Golf5,2003
PK3254CA,Volkswagen,Tuareg,2009
A9346WQ,Bmw,X6,2011
PA09543WZ,Renault,Scenic,2000
P36499LK,Honda,Civic,2010
B8233MA,Renault,Clio3,2004
PK4133AS,Volkswagen,Golf1,1995
CA53447IN,Volkswagen,Passat,1998
CA0345IB,Volkswagen,Passat,1998
B9362IC,Trabant,1,1975
A7234IZ,Ford,Fiesta,2001
B0235ZX,Bmw,M3,2011
A4657SD,Opel,Insignia,2010
CA4675SC,Opel,Kadett,1998
CA9235HG,Bmw,X5,2005
CA0022NA,Ford,M,2003
B9347OR,Renault,Clio1,2012
PK0890HZ,Volkswagen,Golf5,2003
PK8345YA,Volkswagen,Tuareg,2009
A7326MB,Bmw,X6,2011
PA5151ZA,Renault,Scenic,2000
P5454NZ,Honda,Civic,2010
B9898LL,Renault,Clio3,2004
PK4667JH,Volkswagen,Golf1,1995
CA9344OX,Volkswagen,Passat,1996
B5679BG,Trabant,2,1975
A4368US,Ford,Fiesta,2001
B2356ERU,Bmw,M3,2011
A8454NC,Opel,Insignia,2009
CA3457OW,Opel,Kadett,1997
CA6666US,Bmw,X6,2011
