Adidas,sneakers,116.00,M
Adidas,sneakers,220.00,M
Adidas,tracksuit,56.00,M
Adidas,sweatshirt,120.00,M
Adidas,sneakers,92.00,W
Adidas,sneakers,240.00,W
Adidas,tracksuit,71.00,W
Adidas,sweatshirt,110.00,W
Nike,sneakers,190.30,M
Nike,tracksuit,42.50,M
Nike,sweatshirt,140.90,W
Nike,sweatshirt,99.90,W
Nike,sneakers,139.99,W
Nike,sneakers,99.90,M
Reebok,sneakers,260.00,M
Reebok,tracksuit,80.90,M
Reebok,sneakers,130.00,M
Reebok,sweatshirt,120.00,M
Reebok,tracksuit,29.20,M
Umbro,sneakers,330.20,W
Umbro,sneakers,260.00,W
Umbro,tracksuit,30.00,W
Umbro,sweatshirt,130.50,W
























