MANGOE,TRANSISTOR,TWO,HAT,BED,SYMBOL,ELEVEN,WINDOW,EMPLOYEE
APPLE,TRANSISTOR,TWO,PANTS,BED,SYMBOL,EIGHT,WINDOW,STANDARD
ORANGE,RESISTOR,FOUR,BOOTS,APPLE,POINT,EIGHT,POINT,ORANGE
BANANA,TRANSISTOR,THREE,PANTS,FLOOR,SQUARE,EIGHT,MANAGER,ORANGE
MANGOE,APPLE,FIVE,HAT,BED,POINT,EIGHT,DOOR,WORKER
MANGOE,RELAY,ONE,PANTS,DOOR,LETTER,ELEVEN,POINT,WORKER
ORANGE,CAPACITOR,FIVE,HAT,FIVE,LETTER,TEN,WINDOW,WORKER
ORANGE,TRANSISTOR,TWO,BOOTS,FIVE,SYMBOL,SEVEN,WINDOW,STANDARD
MANGOE,RESISTOR,FIVE,PANTS,DOOR,LETTER,ELEVEN,DOOR,EMPLOYEE
ORANGE,TRANSISTOR,THREE,HAT,APPLE,SYMBOL,NINE,DOOR,STANDARD
APPLE,TRANSISTOR,FOUR,PANTS,APPLE,NUMBER,ELEVEN,WINDOW,ORANGE
GRAPEFRUIT,RELAY,TWO,BOOTS,DOOR,POINT,ELEVEN,MANAGER,EMPLOYEE
MANGOE,CAPACITOR,THREE,HAT,APPLE,POINT,TEN,DOOR,EMPLOYEE
MANGOE,CAPACITOR,ONE,HAT,FIVE,SQUARE,EIGHT,PROGRAM,WORKER
MANGOE,APPLE,TWO,HAT,FIVE,LETTER,EIGHT,DOOR,STANDARD
APPLE,CAPACITOR,THREE,PANTS,APPLE,NUMBER,EIGHT,POINT,ORANGE
GRAPEFRUIT,RESISTOR,FIVE,HAT,FLOOR,SQUARE,ELEVEN,MANAGER,WORKER
APPLE,APPLE,TWO,JACKET,DOOR,SYMBOL,SEVEN,WINDOW,EMPLOYER
GRAPEFRUIT,APPLE,FOUR,HAT,FLOOR,POINT,TEN,PROGRAM,WORKER
MANGOE,RESISTOR,TWO,BOOTS,APPLE,SQUARE,ELEVEN,WINDOW,EMPLOYEE
APPLE,TRANSISTOR,FIVE,BOOTS,FLOOR,NUMBER,ELEVEN,MANAGER,EMPLOYEE
BANANA,RESISTOR,THREE,PANTS,APPLE,NUMBER,NINE,DOOR,EMPLOYEE
GRAPEFRUIT,TRANSISTOR,FIVE,HAT,FIVE,LETTER,SEVEN,DOOR,EMPLOYEE
MANGOE,RESISTOR,FIVE,BOOTS,FLOOR,NUMBER,EIGHT,POINT,WORKER
ORANGE,TRANSISTOR,FOUR,HAT,DOOR,POINT,TEN,MANAGER,ORANGE
APPLE,APPLE,ONE,HAT,BED,SQUARE,SEVEN,POINT,WORKER
BANANA,RELAY,ONE,BOOTS,APPLE,SQUARE,EIGHT,POINT,ORANGE
APPLE,CAPACITOR,FIVE,JACKET,APPLE,NUMBER,ELEVEN,POINT,EMPLOYER
ORANGE,CAPACITOR,FOUR,BOOTS,BED,SQUARE,TEN,DOOR,ORANGE
APPLE,CAPACITOR,ONE,HAT,DOOR,POINT,ELEVEN,POINT,EMPLOYEE
BANANA,RESISTOR,FOUR,JACKET,FIVE,LETTER,SEVEN,WINDOW,ORANGE
ORANGE,TRANSISTOR,ONE,HAT,FIVE,SYMBOL,NINE,WINDOW,EMPLOYER
APPLE,RESISTOR,FOUR,MANGOE,APPLE,SQUARE,ELEVEN,MANAGER,EMPLOYER
APPLE,RESISTOR,TWO,BOOTS,FIVE,SQUARE,TEN,POINT,ORANGE
APPLE,APPLE,TWO,HAT,BED,NUMBER,ELEVEN,PROGRAM,ORANGE
ORANGE,TRANSISTOR,TWO,JACKET,FIVE,LETTER,SEVEN,POINT,EMPLOYER
ORANGE,TRANSISTOR,THREE,HAT,DOOR,SQUARE,TEN,PROGRAM,EMPLOYEE
MANGOE,RELAY,FOUR,MANGOE,APPLE,POINT,ELEVEN,DOOR,ORANGE
ORANGE,APPLE,THREE,BOOTS,BED,LETTER,EIGHT,WINDOW,EMPLOYEE
BANANA,RESISTOR,THREE,HAT,DOOR,SQUARE,ELEVEN,DOOR,STANDARD
MANGOE,RESISTOR,THREE,MANGOE,DOOR,SQUARE,NINE,PROGRAM,STANDARD
APPLE,CAPACITOR,THREE,HAT,FIVE,SYMBOL,SEVEN,DOOR,ORANGE
ORANGE,APPLE,THREE,PANTS,BED,SYMBOL,NINE,POINT,STANDARD
MANGOE,TRANSISTOR,FOUR,PANTS,FIVE,SQUARE,NINE,WINDOW,STANDARD
APPLE,TRANSISTOR,TWO,HAT,BED,SYMBOL,SEVEN,WINDOW,ORANGE
MANGOE,TRANSISTOR,THREE,HAT,BED,SYMBOL,EIGHT,PROGRAM,WORKER
BANANA,APPLE,TWO,BOOTS,BED,SQUARE,TEN,WINDOW,WORKER
APPLE,APPLE,TWO,HAT,FLOOR,LETTER,SEVEN,DOOR,STANDARD
ORANGE,RELAY,TWO,PANTS,BED,NUMBER,NINE,POINT,EMPLOYER
MANGOE,RESISTOR,THREE,BOOTS,APPLE,POINT,NINE,POINT,EMPLOYER
BANANA,TRANSISTOR,TWO,BOOTS,FLOOR,SYMBOL,ELEVEN,WINDOW,EMPLOYER
APPLE,TRANSISTOR,ONE,MANGOE,DOOR,NUMBER,TEN,DOOR,WORKER
GRAPEFRUIT,RELAY,ONE,PANTS,APPLE,POINT,TEN,WINDOW,STANDARD
ORANGE,CAPACITOR,THREE,PANTS,BED,NUMBER,NINE,POINT,WORKER
BANANA,RESISTOR,TWO,JACKET,FLOOR,SYMBOL,EIGHT,PROGRAM,ORANGE
BANANA,APPLE,TWO,MANGOE,DOOR,LETTER,ELEVEN,PROGRAM,ORANGE
BANANA,TRANSISTOR,FIVE,HAT,BED,POINT,TEN,MANAGER,WORKER
APPLE,APPLE,ONE,HAT,FLOOR,NUMBER,ELEVEN,DOOR,ORANGE
MANGOE,APPLE,TWO,PANTS,APPLE,LETTER,TEN,MANAGER,EMPLOYER
GRAPEFRUIT,APPLE,TWO,PANTS,DOOR,SQUARE,TEN,POINT,STANDARD
BANANA,RELAY,FIVE,HAT,FIVE,SQUARE,ELEVEN,WINDOW,EMPLOYER
BANANA,RELAY,FOUR,MANGOE,DOOR,NUMBER,EIGHT,WINDOW,STANDARD
MANGOE,RELAY,FIVE,HAT,FLOOR,SQUARE,TEN,MANAGER,STANDARD
APPLE,APPLE,FOUR,JACKET,FLOOR,NUMBER,EIGHT,MANAGER,ORANGE
APPLE,CAPACITOR,TWO,PANTS,FIVE,SYMBOL,EIGHT,POINT,STANDARD
ORANGE,CAPACITOR,THREE,MANGOE,BED,POINT,NINE,PROGRAM,STANDARD
APPLE,APPLE,ONE,JACKET,DOOR,POINT,EIGHT,POINT,EMPLOYER
BANANA,APPLE,ONE,MANGOE,DOOR,NUMBER,TEN,MANAGER,EMPLOYER
MANGOE,CAPACITOR,THREE,PANTS,BED,LETTER,SEVEN,DOOR,EMPLOYER
GRAPEFRUIT,TRANSISTOR,FIVE,HAT,BED,NUMBER,EIGHT,DOOR,ORANGE
BANANA,RELAY,THREE,JACKET,BED,SQUARE,TEN,PROGRAM,EMPLOYER
ORANGE,TRANSISTOR,FOUR,MANGOE,FLOOR,NUMBER,NINE,WINDOW,EMPLOYER
APPLE,CAPACITOR,THREE,JACKET,APPLE,SYMBOL,TEN,WINDOW,EMPLOYEE
ORANGE,TRANSISTOR,TWO,HAT,FIVE,POINT,SEVEN,WINDOW,STANDARD
GRAPEFRUIT,APPLE,THREE,MANGOE,FIVE,NUMBER,SEVEN,DOOR,STANDARD
ORANGE,APPLE,FIVE,MANGOE,BED,NUMBER,TEN,MANAGER,EMPLOYEE
GRAPEFRUIT,RELAY,TWO,BOOTS,FIVE,LETTER,SEVEN,POINT,EMPLOYER
ORANGE,RESISTOR,ONE,BOOTS,APPLE,NUMBER,EIGHT,POINT,WORKER
GRAPEFRUIT,RELAY,ONE,PANTS,BED,POINT,EIGHT,MANAGER,STANDARD
MANGOE,RELAY,THREE,HAT,FIVE,LETTER,TEN,WINDOW,EMPLOYEE
APPLE,APPLE,ONE,HAT,DOOR,POINT,ELEVEN,DOOR,WORKER
MANGOE,TRANSISTOR,THREE,JACKET,FLOOR,POINT,EIGHT,MANAGER,EMPLOYEE
GRAPEFRUIT,RELAY,FIVE,BOOTS,FLOOR,SYMBOL,ELEVEN,MANAGER,EMPLOYEE
GRAPEFRUIT,APPLE,ONE,HAT,BED,SYMBOL,EIGHT,PROGRAM,WORKER
GRAPEFRUIT,RESISTOR,FOUR,BOOTS,DOOR,NUMBER,EIGHT,PROGRAM,STANDARD
APPLE,RESISTOR,FIVE,HAT,FLOOR,LETTER,EIGHT,POINT,EMPLOYER
MANGOE,TRANSISTOR,FIVE,MANGOE,APPLE,SYMBOL,ELEVEN,MANAGER,EMPLOYER
MANGOE,TRANSISTOR,THREE,PANTS,FLOOR,SQUARE,SEVEN,POINT,ORANGE
ORANGE,CAPACITOR,FOUR,PANTS,FIVE,POINT,TEN,PROGRAM,EMPLOYEE
BANANA,TRANSISTOR,FOUR,HAT,FLOOR,LETTER,EIGHT,DOOR,EMPLOYEE
BANANA,APPLE,FOUR,JACKET,BED,SYMBOL,SEVEN,MANAGER,ORANGE
BANANA,RELAY,ONE,BOOTS,FLOOR,SYMBOL,NINE,MANAGER,ORANGE
MANGOE,CAPACITOR,THREE,PANTS,FLOOR,NUMBER,SEVEN,DOOR,ORANGE
MANGOE,CAPACITOR,ONE,MANGOE,DOOR,SYMBOL,TEN,WINDOW,EMPLOYER
ORANGE,APPLE,TWO,PANTS,APPLE,LETTER,SEVEN,MANAGER,EMPLOYEE
ORANGE,APPLE,FOUR,HAT,FIVE,LETTER,EIGHT,POINT,EMPLOYEE
ORANGE,RELAY,ONE,HAT,FIVE,LETTER,TEN,PROGRAM,WORKER
ORANGE,RESISTOR,ONE,BOOTS,FIVE,POINT,EIGHT,PROGRAM,EMPLOYER
APPLE,RELAY,THREE,HAT,DOOR,SQUARE,ELEVEN,WINDOW,EMPLOYER
MANGOE,RELAY,FIVE,BOOTS,BED,SYMBOL,TEN,POINT,STANDARD
MANGOE,RELAY,FOUR,JACKET,FLOOR,SQUARE,TEN,PROGRAM,EMPLOYEE
MANGOE,RESISTOR,FOUR,HAT,DOOR,NUMBER,TEN,WINDOW,ORANGE
MANGOE,APPLE,FOUR,PANTS,FLOOR,SQUARE,ELEVEN,MANAGER,ORANGE
ORANGE,RESISTOR,FIVE,HAT,BED,LETTER,NINE,PROGRAM,EMPLOYER
GRAPEFRUIT,APPLE,ONE,JACKET,BED,SQUARE,NINE,PROGRAM,WORKER
APPLE,RELAY,FOUR,BOOTS,FLOOR,LETTER,ELEVEN,POINT,STANDARD
MANGOE,RELAY,TWO,BOOTS,FLOOR,SYMBOL,NINE,DOOR,ORANGE
APPLE,RELAY,TWO,MANGOE,BED,NUMBER,SEVEN,MANAGER,WORKER
GRAPEFRUIT,APPLE,ONE,MANGOE,FLOOR,SYMBOL,ELEVEN,DOOR,ORANGE
APPLE,APPLE,FOUR,HAT,FIVE,SQUARE,NINE,PROGRAM,EMPLOYER
APPLE,TRANSISTOR,ONE,HAT,DOOR,SYMBOL,ELEVEN,MANAGER,STANDARD
APPLE,RESISTOR,FOUR,MANGOE,APPLE,SYMBOL,SEVEN,DOOR,EMPLOYEE
MANGOE,TRANSISTOR,THREE,JACKET,DOOR,NUMBER,TEN,MANAGER,EMPLOYEE
BANANA,TRANSISTOR,FOUR,MANGOE,DOOR,POINT,EIGHT,MANAGER,EMPLOYEE
APPLE,TRANSISTOR,FOUR,HAT,DOOR,LETTER,SEVEN,WINDOW,WORKER
GRAPEFRUIT,APPLE,FOUR,JACKET,APPLE,SYMBOL,TEN,PROGRAM,STANDARD
BANANA,TRANSISTOR,ONE,MANGOE,DOOR,POINT,ELEVEN,MANAGER,ORANGE
GRAPEFRUIT,RESISTOR,FOUR,MANGOE,FLOOR,NUMBER,TEN,WINDOW,EMPLOYEE
GRAPEFRUIT,TRANSISTOR,ONE,JACKET,FLOOR,SYMBOL,SEVEN,WINDOW,ORANGE
BANANA,APPLE,TWO,JACKET,DOOR,POINT,SEVEN,DOOR,ORANGE
APPLE,TRANSISTOR,FIVE,PANTS,FIVE,SYMBOL,EIGHT,PROGRAM,EMPLOYEE
BANANA,CAPACITOR,ONE,HAT,FLOOR,POINT,ELEVEN,POINT,WORKER
APPLE,TRANSISTOR,THREE,JACKET,APPLE,SQUARE,EIGHT,POINT,EMPLOYEE
BANANA,CAPACITOR,FOUR,BOOTS,DOOR,SQUARE,TEN,DOOR,WORKER
MANGOE,CAPACITOR,FIVE,PANTS,DOOR,LETTER,EIGHT,WINDOW,WORKER
GRAPEFRUIT,RELAY,THREE,HAT,FIVE,POINT,NINE,PROGRAM,EMPLOYEE
BANANA,RESISTOR,THREE,JACKET,DOOR,POINT,EIGHT,PROGRAM,STANDARD
APPLE,RESISTOR,THREE,HAT,APPLE,NUMBER,ELEVEN,MANAGER,ORANGE
MANGOE,CAPACITOR,FIVE,MANGOE,DOOR,LETTER,EIGHT,DOOR,STANDARD
ORANGE,RELAY,THREE,MANGOE,FIVE,POINT,TEN,DOOR,EMPLOYEE
BANANA,RELAY,FOUR,PANTS,DOOR,LETTER,TEN,WINDOW,STANDARD
APPLE,APPLE,FOUR,HAT,FIVE,POINT,TEN,PROGRAM,STANDARD
BANANA,CAPACITOR,THREE,HAT,FIVE,SYMBOL,NINE,PROGRAM,EMPLOYER
APPLE,RESISTOR,THREE,BOOTS,FIVE,SYMBOL,EIGHT,DOOR,STANDARD
ORANGE,RELAY,THREE,MANGOE,FLOOR,POINT,NINE,WINDOW,STANDARD
BANANA,CAPACITOR,FIVE,MANGOE,APPLE,NUMBER,EIGHT,MANAGER,STANDARD
APPLE,APPLE,TWO,JACKET,DOOR,SYMBOL,EIGHT,WINDOW,EMPLOYEE
ORANGE,RESISTOR,ONE,JACKET,DOOR,SQUARE,ELEVEN,DOOR,WORKER
APPLE,CAPACITOR,FOUR,PANTS,DOOR,LETTER,NINE,PROGRAM,ORANGE
GRAPEFRUIT,RESISTOR,TWO,BOOTS,DOOR,SQUARE,EIGHT,POINT,WORKER
ORANGE,TRANSISTOR,TWO,MANGOE,BED,POINT,ELEVEN,PROGRAM,WORKER
BANANA,TRANSISTOR,FIVE,PANTS,FIVE,LETTER,NINE,DOOR,EMPLOYER
ORANGE,CAPACITOR,ONE,MANGOE,FIVE,SQUARE,TEN,MANAGER,STANDARD
GRAPEFRUIT,APPLE,THREE,JACKET,FLOOR,SYMBOL,NINE,DOOR,EMPLOYER
GRAPEFRUIT,CAPACITOR,FOUR,HAT,FIVE,SQUARE,ELEVEN,WINDOW,WORKER
BANANA,APPLE,TWO,MANGOE,APPLE,SYMBOL,ELEVEN,DOOR,EMPLOYER
ORANGE,CAPACITOR,FIVE,MANGOE,APPLE,LETTER,NINE,MANAGER,STANDARD
BANANA,APPLE,ONE,PANTS,FIVE,POINT,EIGHT,MANAGER,STANDARD
APPLE,RESISTOR,FIVE,HAT,DOOR,SYMBOL,EIGHT,POINT,STANDARD
BANANA,RELAY,FOUR,JACKET,FIVE,LETTER,NINE,PROGRAM,EMPLOYER
MANGOE,RELAY,FIVE,PANTS,FLOOR,NUMBER,SEVEN,PROGRAM,EMPLOYEE
GRAPEFRUIT,TRANSISTOR,THREE,HAT,FLOOR,SQUARE,TEN,DOOR,EMPLOYEE
GRAPEFRUIT,RELAY,ONE,MANGOE,BED,NUMBER,SEVEN,POINT,EMPLOYER
APPLE,CAPACITOR,THREE,BOOTS,DOOR,LETTER,ELEVEN,PROGRAM,ORANGE
BANANA,RELAY,THREE,PANTS,FLOOR,LETTER,ELEVEN,MANAGER,WORKER
GRAPEFRUIT,TRANSISTOR,TWO,MANGOE,DOOR,POINT,ELEVEN,PROGRAM,EMPLOYER
GRAPEFRUIT,APPLE,TWO,MANGOE,APPLE,SQUARE,ELEVEN,DOOR,WORKER
MANGOE,RESISTOR,TWO,HAT,DOOR,SQUARE,ELEVEN,POINT,EMPLOYEE
GRAPEFRUIT,RELAY,THREE,HAT,FLOOR,SYMBOL,ELEVEN,DOOR,EMPLOYEE
BANANA,RESISTOR,TWO,MANGOE,FLOOR,NUMBER,ELEVEN,WINDOW,WORKER
GRAPEFRUIT,APPLE,ONE,BOOTS,FLOOR,SYMBOL,NINE,POINT,STANDARD
GRAPEFRUIT,TRANSISTOR,ONE,HAT,DOOR,NUMBER,ELEVEN,MANAGER,STANDARD
APPLE,RESISTOR,FIVE,MANGOE,APPLE,LETTER,SEVEN,WINDOW,STANDARD
GRAPEFRUIT,APPLE,THREE,JACKET,FLOOR,NUMBER,NINE,MANAGER,EMPLOYER
MANGOE,CAPACITOR,ONE,HAT,FLOOR,SYMBOL,EIGHT,POINT,WORKER
BANANA,APPLE,THREE,JACKET,FLOOR,LETTER,SEVEN,POINT,STANDARD
MANGOE,RELAY,FIVE,PANTS,DOOR,SQUARE,NINE,WINDOW,ORANGE
APPLE,TRANSISTOR,TWO,BOOTS,FLOOR,LETTER,ELEVEN,MANAGER,STANDARD
MANGOE,RESISTOR,FOUR,MANGOE,FIVE,NUMBER,SEVEN,WINDOW,ORANGE
ORANGE,RELAY,ONE,MANGOE,DOOR,POINT,NINE,WINDOW,EMPLOYER
APPLE,APPLE,THREE,PANTS,DOOR,POINT,SEVEN,WINDOW,ORANGE
GRAPEFRUIT,RESISTOR,ONE,PANTS,BED,NUMBER,TEN,WINDOW,WORKER
MANGOE,TRANSISTOR,TWO,BOOTS,APPLE,LETTER,SEVEN,DOOR,EMPLOYER
GRAPEFRUIT,RESISTOR,ONE,BOOTS,FIVE,POINT,SEVEN,MANAGER,EMPLOYER
MANGOE,TRANSISTOR,ONE,JACKET,DOOR,POINT,ELEVEN,DOOR,STANDARD
GRAPEFRUIT,CAPACITOR,ONE,PANTS,BED,POINT,EIGHT,DOOR,STANDARD
GRAPEFRUIT,APPLE,FOUR,JACKET,BED,NUMBER,SEVEN,MANAGER,STANDARD
APPLE,RESISTOR,FIVE,PANTS,BED,LETTER,NINE,POINT,WORKER
MANGOE,RESISTOR,THREE,HAT,APPLE,SYMBOL,ELEVEN,WINDOW,EMPLOYER
BANANA,RESISTOR,ONE,MANGOE,DOOR,POINT,EIGHT,MANAGER,ORANGE
APPLE,RESISTOR,FIVE,PANTS,FIVE,LETTER,TEN,POINT,STANDARD
MANGOE,RESISTOR,TWO,PANTS,BED,LETTER,TEN,DOOR,EMPLOYEE
MANGOE,CAPACITOR,FOUR,PANTS,APPLE,SQUARE,TEN,WINDOW,EMPLOYEE
ORANGE,RESISTOR,FIVE,HAT,APPLE,NUMBER,NINE,DOOR,EMPLOYEE
GRAPEFRUIT,CAPACITOR,THREE,BOOTS,APPLE,SQUARE,TEN,DOOR,WORKER
GRAPEFRUIT,TRANSISTOR,ONE,MANGOE,BED,POINT,NINE,MANAGER,ORANGE
BANANA,RELAY,THREE,PANTS,FIVE,SQUARE,ELEVEN,DOOR,ORANGE
ORANGE,TRANSISTOR,THREE,BOOTS,BED,LETTER,SEVEN,MANAGER,EMPLOYER
GRAPEFRUIT,RELAY,FIVE,JACKET,DOOR,SYMBOL,NINE,MANAGER,EMPLOYEE
MANGOE,CAPACITOR,FIVE,PANTS,BED,POINT,EIGHT,DOOR,EMPLOYER
ORANGE,CAPACITOR,TWO,PANTS,BED,POINT,SEVEN,DOOR,WORKER
MANGOE,RELAY,ONE,HAT,FLOOR,LETTER,NINE,PROGRAM,STANDARD
GRAPEFRUIT,TRANSISTOR,FIVE,HAT,BED,POINT,EIGHT,PROGRAM,ORANGE
GRAPEFRUIT,CAPACITOR,FOUR,MANGOE,FLOOR,NUMBER,ELEVEN,POINT,EMPLOYEE
MANGOE,RESISTOR,FIVE,MANGOE,FIVE,LETTER,NINE,POINT,EMPLOYER
GRAPEFRUIT,APPLE,ONE,JACKET,FLOOR,NUMBER,TEN,MANAGER,EMPLOYEE
ORANGE,APPLE,FIVE,HAT,APPLE,NUMBER,TEN,DOOR,STANDARD
APPLE,APPLE,ONE,MANGOE,FLOOR,SQUARE,EIGHT,PROGRAM,STANDARD
MANGOE,CAPACITOR,THREE,JACKET,FIVE,LETTER,TEN,WINDOW,WORKER
APPLE,RELAY,ONE,PANTS,BED,POINT,ELEVEN,WINDOW,EMPLOYER
APPLE,CAPACITOR,FOUR,MANGOE,FIVE,SQUARE,ELEVEN,WINDOW,WORKER
MANGOE,CAPACITOR,ONE,MANGOE,FLOOR,SYMBOL,SEVEN,WINDOW,STANDARD
BANANA,RELAY,TWO,MANGOE,BED,SYMBOL,NINE,POINT,STANDARD
MANGOE,TRANSISTOR,ONE,JACKET,BED,POINT,SEVEN,WINDOW,WORKER
MANGOE,CAPACITOR,FIVE,JACKET,APPLE,SQUARE,ELEVEN,WINDOW,ORANGE
MANGOE,RESISTOR,THREE,HAT,APPLE,NUMBER,ELEVEN,MANAGER,STANDARD
GRAPEFRUIT,APPLE,FOUR,PANTS,FLOOR,POINT,EIGHT,POINT,STANDARD
APPLE,APPLE,FIVE,HAT,BED,LETTER,ELEVEN,POINT,WORKER
APPLE,CAPACITOR,ONE,HAT,APPLE,SQUARE,ELEVEN,DOOR,EMPLOYER
ORANGE,RELAY,ONE,PANTS,FLOOR,POINT,TEN,WINDOW,ORANGE
APPLE,APPLE,ONE,HAT,FIVE,NUMBER,NINE,POINT,STANDARD
MANGOE,CAPACITOR,ONE,BOOTS,FLOOR,POINT,EIGHT,WINDOW,EMPLOYEE
ORANGE,RESISTOR,ONE,HAT,FLOOR,NUMBER,EIGHT,DOOR,EMPLOYER
BANANA,RESISTOR,FOUR,PANTS,BED,NUMBER,SEVEN,POINT,EMPLOYER
MANGOE,RELAY,ONE,JACKET,BED,SYMBOL,EIGHT,POINT,EMPLOYER
MANGOE,RELAY,FOUR,PANTS,DOOR,SQUARE,SEVEN,PROGRAM,ORANGE
APPLE,TRANSISTOR,THREE,HAT,APPLE,SYMBOL,ELEVEN,DOOR,EMPLOYEE
APPLE,APPLE,FIVE,BOOTS,FIVE,SYMBOL,TEN,WINDOW,STANDARD
MANGOE,CAPACITOR,ONE,JACKET,APPLE,SYMBOL,SEVEN,DOOR,EMPLOYER
MANGOE,APPLE,TWO,PANTS,DOOR,SQUARE,EIGHT,WINDOW,ORANGE
APPLE,TRANSISTOR,TWO,MANGOE,APPLE,NUMBER,NINE,PROGRAM,ORANGE
GRAPEFRUIT,RESISTOR,ONE,JACKET,FLOOR,NUMBER,NINE,MANAGER,STANDARD
GRAPEFRUIT,APPLE,ONE,PANTS,BED,NUMBER,NINE,MANAGER,EMPLOYEE
APPLE,APPLE,FIVE,HAT,APPLE,SQUARE,ELEVEN,MANAGER,STANDARD
GRAPEFRUIT,APPLE,TWO,HAT,FLOOR,LETTER,NINE,WINDOW,EMPLOYER
ORANGE,TRANSISTOR,FOUR,BOOTS,BED,SQUARE,EIGHT,PROGRAM,EMPLOYEE
MANGOE,RESISTOR,FIVE,PANTS,DOOR,NUMBER,NINE,MANAGER,STANDARD
BANANA,TRANSISTOR,ONE,HAT,FIVE,POINT,EIGHT,WINDOW,EMPLOYEE
APPLE,RELAY,TWO,BOOTS,DOOR,NUMBER,ELEVEN,PROGRAM,WORKER
GRAPEFRUIT,APPLE,THREE,PANTS,FLOOR,SQUARE,TEN,DOOR,WORKER
ORANGE,CAPACITOR,ONE,BOOTS,FIVE,SYMBOL,NINE,MANAGER,STANDARD
ORANGE,RESISTOR,TWO,PANTS,FLOOR,SYMBOL,EIGHT,MANAGER,ORANGE
MANGOE,CAPACITOR,TWO,MANGOE,FIVE,LETTER,NINE,DOOR,STANDARD
ORANGE,APPLE,FOUR,JACKET,BED,SYMBOL,EIGHT,MANAGER,ORANGE
ORANGE,APPLE,THREE,JACKET,DOOR,LETTER,EIGHT,MANAGER,EMPLOYEE
GRAPEFRUIT,TRANSISTOR,FIVE,MANGOE,APPLE,SQUARE,EIGHT,MANAGER,EMPLOYEE
APPLE,APPLE,FOUR,PANTS,FIVE,SQUARE,EIGHT,WINDOW,EMPLOYEE
BANANA,RELAY,ONE,HAT,APPLE,SQUARE,EIGHT,POINT,WORKER
BANANA,RESISTOR,THREE,JACKET,BED,POINT,SEVEN,PROGRAM,ORANGE
GRAPEFRUIT,RESISTOR,TWO,PANTS,FIVE,NUMBER,ELEVEN,POINT,ORANGE
APPLE,RESISTOR,TWO,BOOTS,FLOOR,POINT,NINE,DOOR,EMPLOYEE
MANGOE,RELAY,TWO,HAT,FLOOR,LETTER,SEVEN,POINT,WORKER
APPLE,APPLE,FIVE,PANTS,APPLE,SYMBOL,ELEVEN,MANAGER,WORKER
ORANGE,CAPACITOR,THREE,HAT,FLOOR,SYMBOL,SEVEN,WINDOW,ORANGE
BANANA,CAPACITOR,FIVE,BOOTS,FLOOR,SYMBOL,EIGHT,PROGRAM,WORKER
GRAPEFRUIT,CAPACITOR,FIVE,HAT,APPLE,NUMBER,EIGHT,MANAGER,STANDARD
ORANGE,APPLE,FOUR,PANTS,FIVE,NUMBER,SEVEN,MANAGER,WORKER
GRAPEFRUIT,CAPACITOR,FIVE,MANGOE,DOOR,POINT,NINE,WINDOW,WORKER
APPLE,TRANSISTOR,FIVE,MANGOE,BED,POINT,EIGHT,MANAGER,ORANGE
GRAPEFRUIT,CAPACITOR,FIVE,HAT,APPLE,SQUARE,NINE,WINDOW,WORKER
GRAPEFRUIT,RELAY,FIVE,JACKET,BED,LETTER,EIGHT,WINDOW,STANDARD
BANANA,CAPACITOR,ONE,PANTS,FIVE,SQUARE,TEN,POINT,EMPLOYER
APPLE,RESISTOR,FIVE,JACKET,BED,LETTER,SEVEN,DOOR,EMPLOYER
MANGOE,RESISTOR,THREE,MANGOE,FIVE,NUMBER,EIGHT,WINDOW,EMPLOYEE
BANANA,RESISTOR,FIVE,PANTS,BED,SQUARE,SEVEN,DOOR,EMPLOYER
MANGOE,TRANSISTOR,ONE,MANGOE,FLOOR,POINT,EIGHT,DOOR,STANDARD
APPLE,APPLE,FIVE,JACKET,BED,SYMBOL,EIGHT,PROGRAM,EMPLOYER
BANANA,RELAY,THREE,PANTS,FLOOR,NUMBER,SEVEN,POINT,EMPLOYER
ORANGE,RESISTOR,ONE,HAT,DOOR,NUMBER,NINE,POINT,WORKER
BANANA,RESISTOR,ONE,HAT,FLOOR,NUMBER,ELEVEN,POINT,EMPLOYEE
GRAPEFRUIT,RELAY,FIVE,JACKET,BED,NUMBER,NINE,WINDOW,ORANGE
ORANGE,RESISTOR,TWO,HAT,DOOR,SQUARE,ELEVEN,MANAGER,EMPLOYER
ORANGE,TRANSISTOR,TWO,PANTS,FIVE,POINT,TEN,PROGRAM,STANDARD
MANGOE,RESISTOR,TWO,PANTS,BED,POINT,NINE,MANAGER,EMPLOYER
BANANA,RESISTOR,TWO,JACKET,FLOOR,NUMBER,ELEVEN,WINDOW,WORKER
MANGOE,RELAY,TWO,JACKET,FIVE,POINT,SEVEN,POINT,EMPLOYEE
BANANA,RESISTOR,ONE,MANGOE,DOOR,POINT,ELEVEN,WINDOW,STANDARD
MANGOE,TRANSISTOR,THREE,JACKET,APPLE,LETTER,NINE,WINDOW,STANDARD
ORANGE,CAPACITOR,FIVE,MANGOE,BED,NUMBER,ELEVEN,DOOR,STANDARD
MANGOE,RESISTOR,THREE,MANGOE,FLOOR,SQUARE,EIGHT,MANAGER,ORANGE
MANGOE,RELAY,FOUR,BOOTS,APPLE,NUMBER,ELEVEN,POINT,WORKER
GRAPEFRUIT,APPLE,THREE,PANTS,DOOR,SQUARE,SEVEN,PROGRAM,ORANGE
BANANA,RESISTOR,THREE,HAT,FLOOR,LETTER,SEVEN,WINDOW,ORANGE
BANANA,RELAY,FIVE,MANGOE,APPLE,POINT,NINE,WINDOW,STANDARD
GRAPEFRUIT,RESISTOR,FOUR,HAT,FIVE,POINT,ELEVEN,DOOR,EMPLOYER
APPLE,APPLE,THREE,HAT,FIVE,NUMBER,NINE,DOOR,WORKER
GRAPEFRUIT,RESISTOR,FOUR,JACKET,FLOOR,SQUARE,SEVEN,DOOR,EMPLOYER
GRAPEFRUIT,RESISTOR,THREE,BOOTS,DOOR,LETTER,ELEVEN,PROGRAM,EMPLOYEE
GRAPEFRUIT,RESISTOR,ONE,MANGOE,FIVE,SYMBOL,SEVEN,MANAGER,STANDARD
APPLE,RELAY,FOUR,BOOTS,BED,SQUARE,EIGHT,MANAGER,STANDARD
APPLE,CAPACITOR,FIVE,JACKET,APPLE,SYMBOL,TEN,WINDOW,EMPLOYER
BANANA,CAPACITOR,FOUR,HAT,APPLE,NUMBER,ELEVEN,PROGRAM,ORANGE
GRAPEFRUIT,APPLE,ONE,PANTS,BED,NUMBER,EIGHT,MANAGER,EMPLOYER
GRAPEFRUIT,CAPACITOR,ONE,HAT,BED,SYMBOL,SEVEN,MANAGER,ORANGE
GRAPEFRUIT,RESISTOR,FOUR,PANTS,APPLE,LETTER,NINE,WINDOW,ORANGE
BANANA,TRANSISTOR,ONE,BOOTS,BED,SYMBOL,TEN,MANAGER,EMPLOYER
APPLE,RELAY,TWO,JACKET,BED,NUMBER,NINE,PROGRAM,STANDARD
GRAPEFRUIT,TRANSISTOR,FOUR,MANGOE,APPLE,LETTER,TEN,PROGRAM,ORANGE
GRAPEFRUIT,CAPACITOR,FOUR,HAT,DOOR,SQUARE,SEVEN,DOOR,EMPLOYEE
MANGOE,CAPACITOR,ONE,PANTS,FIVE,SQUARE,TEN,PROGRAM,STANDARD
MANGOE,RESISTOR,TWO,HAT,FIVE,SYMBOL,SEVEN,DOOR,STANDARD
ORANGE,CAPACITOR,TWO,MANGOE,DOOR,LETTER,ELEVEN,DOOR,EMPLOYER
ORANGE,RELAY,THREE,JACKET,FLOOR,LETTER,NINE,PROGRAM,STANDARD
ORANGE,APPLE,THREE,PANTS,BED,POINT,TEN,MANAGER,EMPLOYEE
ORANGE,CAPACITOR,FOUR,MANGOE,DOOR,LETTER,SEVEN,POINT,ORANGE
BANANA,APPLE,ONE,JACKET,FLOOR,POINT,ELEVEN,MANAGER,STANDARD
ORANGE,TRANSISTOR,TWO,HAT,APPLE,SYMBOL,TEN,POINT,ORANGE
APPLE,CAPACITOR,ONE,HAT,FLOOR,POINT,SEVEN,DOOR,EMPLOYER
APPLE,RELAY,FIVE,JACKET,FIVE,NUMBER,SEVEN,DOOR,STANDARD
ORANGE,RELAY,FIVE,PANTS,FLOOR,SQUARE,TEN,PROGRAM,EMPLOYER
ORANGE,CAPACITOR,FOUR,JACKET,FLOOR,SYMBOL,EIGHT,WINDOW,ORANGE
ORANGE,APPLE,THREE,MANGOE,BED,SQUARE,ELEVEN,WINDOW,WORKER
GRAPEFRUIT,TRANSISTOR,FOUR,BOOTS,BED,NUMBER,ELEVEN,POINT,STANDARD
BANANA,RESISTOR,TWO,HAT,DOOR,NUMBER,EIGHT,MANAGER,WORKER
APPLE,RESISTOR,FOUR,BOOTS,BED,SQUARE,ELEVEN,DOOR,EMPLOYEE
APPLE,APPLE,FIVE,MANGOE,FLOOR,POINT,ELEVEN,DOOR,ORANGE
BANANA,RESISTOR,FOUR,MANGOE,DOOR,NUMBER,EIGHT,MANAGER,STANDARD
GRAPEFRUIT,CAPACITOR,THREE,JACKET,BED,POINT,EIGHT,MANAGER,WORKER
GRAPEFRUIT,APPLE,TWO,JACKET,DOOR,SYMBOL,SEVEN,PROGRAM,ORANGE
MANGOE,TRANSISTOR,TWO,MANGOE,DOOR,LETTER,ELEVEN,WINDOW,EMPLOYEE
ORANGE,RELAY,ONE,HAT,FIVE,NUMBER,NINE,PROGRAM,EMPLOYEE
MANGOE,APPLE,THREE,JACKET,BED,SQUARE,NINE,POINT,EMPLOYER
GRAPEFRUIT,TRANSISTOR,TWO,MANGOE,BED,LETTER,ELEVEN,PROGRAM,EMPLOYEE
ORANGE,CAPACITOR,FIVE,JACKET,FIVE,LETTER,SEVEN,MANAGER,EMPLOYER
BANANA,RESISTOR,FIVE,PANTS,DOOR,SYMBOL,ELEVEN,PROGRAM,WORKER
BANANA,TRANSISTOR,ONE,PANTS,FLOOR,SYMBOL,TEN,POINT,EMPLOYER
APPLE,TRANSISTOR,TWO,PANTS,BED,POINT,TEN,PROGRAM,STANDARD
ORANGE,APPLE,THREE,BOOTS,FIVE,POINT,SEVEN,MANAGER,EMPLOYEE
ORANGE,TRANSISTOR,FOUR,HAT,FIVE,SYMBOL,NINE,MANAGER,STANDARD
GRAPEFRUIT,CAPACITOR,FIVE,PANTS,DOOR,SQUARE,TEN,POINT,WORKER
APPLE,APPLE,FIVE,BOOTS,APPLE,LETTER,TEN,PROGRAM,STANDARD
BANANA,TRANSISTOR,TWO,JACKET,APPLE,SYMBOL,TEN,PROGRAM,STANDARD
BANANA,RELAY,FIVE,JACKET,DOOR,SYMBOL,TEN,POINT,EMPLOYEE
MANGOE,CAPACITOR,ONE,PANTS,APPLE,NUMBER,EIGHT,PROGRAM,EMPLOYEE
MANGOE,RESISTOR,FOUR,PANTS,DOOR,NUMBER,NINE,POINT,STANDARD
APPLE,TRANSISTOR,ONE,JACKET,BED,SQUARE,ELEVEN,DOOR,EMPLOYEE
ORANGE,CAPACITOR,FOUR,HAT,DOOR,SQUARE,EIGHT,PROGRAM,WORKER
ORANGE,CAPACITOR,TWO,HAT,DOOR,POINT,SEVEN,PROGRAM,WORKER
APPLE,APPLE,THREE,MANGOE,DOOR,SYMBOL,NINE,POINT,STANDARD
APPLE,TRANSISTOR,THREE,BOOTS,APPLE,SQUARE,TEN,WINDOW,WORKER
ORANGE,APPLE,FOUR,PANTS,FLOOR,SYMBOL,NINE,POINT,ORANGE
BANANA,RESISTOR,FOUR,MANGOE,FIVE,NUMBER,EIGHT,DOOR,EMPLOYER
APPLE,RESISTOR,THREE,JACKET,DOOR,LETTER,EIGHT,DOOR,EMPLOYER
GRAPEFRUIT,TRANSISTOR,THREE,MANGOE,BED,SYMBOL,NINE,PROGRAM,WORKER
ORANGE,RESISTOR,THREE,JACKET,BED,NUMBER,EIGHT,WINDOW,EMPLOYEE
ORANGE,TRANSISTOR,THREE,BOOTS,APPLE,LETTER,SEVEN,MANAGER,STANDARD
BANANA,TRANSISTOR,TWO,MANGOE,FLOOR,SYMBOL,EIGHT,MANAGER,STANDARD
ORANGE,RELAY,THREE,PANTS,FLOOR,LETTER,TEN,PROGRAM,EMPLOYEE
GRAPEFRUIT,CAPACITOR,FOUR,HAT,DOOR,LETTER,EIGHT,POINT,ORANGE
ORANGE,CAPACITOR,FIVE,HAT,FLOOR,SYMBOL,TEN,WINDOW,EMPLOYER
MANGOE,RELAY,ONE,JACKET,BED,SQUARE,EIGHT,WINDOW,STANDARD
GRAPEFRUIT,RESISTOR,FIVE,BOOTS,DOOR,SYMBOL,SEVEN,MANAGER,ORANGE
APPLE,RESISTOR,TWO,JACKET,APPLE,NUMBER,NINE,DOOR,EMPLOYER
APPLE,APPLE,FOUR,MANGOE,APPLE,LETTER,ELEVEN,DOOR,STANDARD
BANANA,RESISTOR,FIVE,HAT,FIVE,NUMBER,EIGHT,PROGRAM,ORANGE
ORANGE,APPLE,FIVE,MANGOE,DOOR,SQUARE,NINE,MANAGER,EMPLOYER
ORANGE,TRANSISTOR,THREE,BOOTS,FIVE,POINT,TEN,MANAGER,EMPLOYER
MANGOE,RESISTOR,THREE,HAT,BED,SQUARE,NINE,DOOR,STANDARD
ORANGE,CAPACITOR,FIVE,HAT,BED,LETTER,TEN,POINT,WORKER
ORANGE,APPLE,ONE,JACKET,APPLE,POINT,EIGHT,WINDOW,WORKER
APPLE,CAPACITOR,FOUR,PANTS,FIVE,SYMBOL,EIGHT,POINT,ORANGE
APPLE,TRANSISTOR,TWO,MANGOE,FIVE,SYMBOL,SEVEN,PROGRAM,EMPLOYER
APPLE,APPLE,FOUR,PANTS,FLOOR,SQUARE,ELEVEN,DOOR,STANDARD
MANGOE,RESISTOR,THREE,PANTS,DOOR,SYMBOL,ELEVEN,DOOR,WORKER
APPLE,TRANSISTOR,FOUR,PANTS,FLOOR,SYMBOL,EIGHT,POINT,STANDARD
APPLE,TRANSISTOR,TWO,PANTS,APPLE,SYMBOL,NINE,MANAGER,STANDARD
APPLE,APPLE,FOUR,BOOTS,BED,NUMBER,ELEVEN,DOOR,WORKER
BANANA,CAPACITOR,ONE,PANTS,DOOR,POINT,SEVEN,DOOR,EMPLOYEE
ORANGE,APPLE,TWO,MANGOE,APPLE,LETTER,TEN,PROGRAM,EMPLOYEE
APPLE,CAPACITOR,THREE,MANGOE,FIVE,POINT,TEN,PROGRAM,EMPLOYEE
MANGOE,RESISTOR,ONE,JACKET,FIVE,POINT,ELEVEN,DOOR,WORKER
APPLE,APPLE,FOUR,JACKET,BED,SYMBOL,ELEVEN,DOOR,STANDARD
ORANGE,APPLE,FIVE,JACKET,BED,SYMBOL,NINE,MANAGER,EMPLOYER
APPLE,APPLE,FIVE,BOOTS,DOOR,SQUARE,TEN,DOOR,ORANGE
MANGOE,RELAY,FOUR,MANGOE,APPLE,NUMBER,SEVEN,MANAGER,EMPLOYER
ORANGE,RELAY,TWO,BOOTS,FLOOR,POINT,SEVEN,PROGRAM,EMPLOYEE
ORANGE,CAPACITOR,FIVE,JACKET,DOOR,SQUARE,ELEVEN,DOOR,WORKER
GRAPEFRUIT,RELAY,TWO,BOOTS,FLOOR,SQUARE,ELEVEN,MANAGER,EMPLOYER
ORANGE,RELAY,THREE,JACKET,FIVE,POINT,NINE,WINDOW,EMPLOYER
BANANA,APPLE,TWO,MANGOE,APPLE,SQUARE,ELEVEN,POINT,EMPLOYER
BANANA,RESISTOR,ONE,MANGOE,FIVE,SYMBOL,EIGHT,DOOR,EMPLOYEE
ORANGE,CAPACITOR,FOUR,JACKET,FLOOR,LETTER,NINE,MANAGER,ORANGE
BANANA,RELAY,ONE,PANTS,FLOOR,SQUARE,TEN,DOOR,ORANGE
APPLE,APPLE,FOUR,HAT,APPLE,POINT,EIGHT,DOOR,STANDARD
MANGOE,APPLE,FIVE,HAT,APPLE,POINT,SEVEN,PROGRAM,EMPLOYER
BANANA,RELAY,FOUR,HAT,BED,LETTER,ELEVEN,DOOR,EMPLOYER
MANGOE,RESISTOR,ONE,MANGOE,FIVE,NUMBER,NINE,DOOR,EMPLOYER
MANGOE,APPLE,THREE,JACKET,BED,SYMBOL,SEVEN,DOOR,STANDARD
GRAPEFRUIT,CAPACITOR,FOUR,PANTS,BED,LETTER,ELEVEN,POINT,EMPLOYEE
MANGOE,TRANSISTOR,THREE,JACKET,APPLE,NUMBER,EIGHT,PROGRAM,EMPLOYER
APPLE,RELAY,FIVE,HAT,APPLE,NUMBER,SEVEN,DOOR,ORANGE
BANANA,TRANSISTOR,THREE,MANGOE,FLOOR,NUMBER,ELEVEN,MANAGER,ORANGE
ORANGE,RESISTOR,ONE,PANTS,FLOOR,NUMBER,SEVEN,MANAGER,STANDARD
ORANGE,TRANSISTOR,FOUR,JACKET,FIVE,POINT,EIGHT,PROGRAM,EMPLOYER
ORANGE,RELAY,THREE,MANGOE,FLOOR,SYMBOL,EIGHT,WINDOW,EMPLOYEE
GRAPEFRUIT,RELAY,TWO,JACKET,APPLE,NUMBER,EIGHT,MANAGER,WORKER
MANGOE,APPLE,TWO,BOOTS,BED,POINT,EIGHT,PROGRAM,ORANGE
BANANA,RESISTOR,TWO,PANTS,DOOR,POINT,ELEVEN,WINDOW,EMPLOYER
MANGOE,RESISTOR,FOUR,BOOTS,APPLE,SYMBOL,EIGHT,WINDOW,ORANGE
MANGOE,APPLE,FOUR,JACKET,BED,NUMBER,EIGHT,PROGRAM,STANDARD
GRAPEFRUIT,RESISTOR,TWO,JACKET,FIVE,POINT,ELEVEN,POINT,ORANGE
GRAPEFRUIT,TRANSISTOR,ONE,BOOTS,DOOR,NUMBER,SEVEN,WINDOW,EMPLOYEE
ORANGE,RESISTOR,FOUR,HAT,FIVE,SQUARE,ELEVEN,MANAGER,WORKER
ORANGE,RESISTOR,FIVE,MANGOE,DOOR,SQUARE,SEVEN,MANAGER,ORANGE
MANGOE,TRANSISTOR,ONE,HAT,FIVE,NUMBER,EIGHT,WINDOW,WORKER
MANGOE,APPLE,THREE,PANTS,BED,LETTER,NINE,WINDOW,STANDARD
MANGOE,APPLE,FOUR,MANGOE,FLOOR,NUMBER,NINE,MANAGER,STANDARD
APPLE,CAPACITOR,THREE,HAT,DOOR,NUMBER,ELEVEN,WINDOW,EMPLOYEE
ORANGE,TRANSISTOR,FOUR,JACKET,DOOR,LETTER,SEVEN,WINDOW,ORANGE
APPLE,RELAY,ONE,HAT,FLOOR,SYMBOL,EIGHT,PROGRAM,EMPLOYEE
BANANA,CAPACITOR,TWO,PANTS,FIVE,POINT,TEN,POINT,STANDARD
MANGOE,CAPACITOR,THREE,JACKET,APPLE,NUMBER,EIGHT,PROGRAM,WORKER
GRAPEFRUIT,RESISTOR,FIVE,PANTS,BED,SYMBOL,NINE,MANAGER,ORANGE
BANANA,RELAY,THREE,JACKET,DOOR,LETTER,TEN,DOOR,ORANGE
ORANGE,APPLE,TWO,MANGOE,FLOOR,SYMBOL,EIGHT,MANAGER,STANDARD
GRAPEFRUIT,APPLE,THREE,MANGOE,DOOR,SYMBOL,ELEVEN,MANAGER,ORANGE
ORANGE,CAPACITOR,ONE,HAT,APPLE,SQUARE,NINE,DOOR,EMPLOYER
MANGOE,CAPACITOR,FOUR,BOOTS,FLOOR,SQUARE,SEVEN,POINT,WORKER
MANGOE,CAPACITOR,ONE,BOOTS,DOOR,SQUARE,TEN,DOOR,EMPLOYEE
BANANA,RELAY,FIVE,JACKET,BED,LETTER,TEN,PROGRAM,ORANGE
MANGOE,CAPACITOR,FOUR,JACKET,APPLE,NUMBER,EIGHT,MANAGER,STANDARD
APPLE,TRANSISTOR,FIVE,PANTS,BED,SQUARE,SEVEN,PROGRAM,STANDARD
ORANGE,RELAY,FOUR,HAT,FLOOR,SYMBOL,NINE,WINDOW,WORKER
GRAPEFRUIT,TRANSISTOR,ONE,MANGOE,FIVE,LETTER,SEVEN,DOOR,EMPLOYEE
BANANA,RELAY,THREE,BOOTS,FIVE,LETTER,NINE,WINDOW,EMPLOYEE
APPLE,APPLE,TWO,MANGOE,DOOR,SYMBOL,ELEVEN,PROGRAM,EMPLOYER
APPLE,RELAY,THREE,BOOTS,FIVE,SYMBOL,TEN,MANAGER,EMPLOYEE
ORANGE,APPLE,TWO,MANGOE,DOOR,NUMBER,NINE,PROGRAM,EMPLOYER
MANGOE,CAPACITOR,FIVE,JACKET,APPLE,SYMBOL,NINE,POINT,WORKER
ORANGE,RESISTOR,ONE,HAT,BED,POINT,SEVEN,POINT,ORANGE
ORANGE,CAPACITOR,TWO,PANTS,FLOOR,POINT,TEN,POINT,STANDARD
GRAPEFRUIT,APPLE,ONE,PANTS,DOOR,LETTER,TEN,WINDOW,ORANGE
APPLE,APPLE,ONE,BOOTS,DOOR,SYMBOL,TEN,DOOR,WORKER
ORANGE,RESISTOR,FOUR,PANTS,APPLE,SYMBOL,NINE,WINDOW,EMPLOYEE
BANANA,CAPACITOR,ONE,BOOTS,FLOOR,LETTER,NINE,POINT,ORANGE
MANGOE,APPLE,FIVE,HAT,APPLE,LETTER,ELEVEN,DOOR,ORANGE
GRAPEFRUIT,RELAY,FOUR,PANTS,FLOOR,SQUARE,TEN,POINT,EMPLOYER
BANANA,CAPACITOR,TWO,HAT,FIVE,LETTER,TEN,DOOR,EMPLOYER
APPLE,CAPACITOR,TWO,BOOTS,BED,SYMBOL,NINE,POINT,ORANGE
MANGOE,RESISTOR,TWO,MANGOE,APPLE,LETTER,EIGHT,DOOR,STANDARD
MANGOE,RESISTOR,TWO,MANGOE,DOOR,SYMBOL,EIGHT,PROGRAM,EMPLOYEE
BANANA,TRANSISTOR,ONE,JACKET,DOOR,SQUARE,TEN,DOOR,STANDARD
MANGOE,APPLE,THREE,JACKET,APPLE,SQUARE,ELEVEN,POINT,STANDARD
APPLE,TRANSISTOR,THREE,BOOTS,FLOOR,NUMBER,TEN,POINT,ORANGE
GRAPEFRUIT,TRANSISTOR,THREE,BOOTS,DOOR,SQUARE,TEN,DOOR,EMPLOYEE
MANGOE,RESISTOR,THREE,BOOTS,APPLE,SYMBOL,ELEVEN,PROGRAM,EMPLOYEE
GRAPEFRUIT,RELAY,ONE,MANGOE,DOOR,LETTER,TEN,WINDOW,EMPLOYER
GRAPEFRUIT,APPLE,TWO,BOOTS,DOOR,NUMBER,EIGHT,POINT,EMPLOYER
GRAPEFRUIT,CAPACITOR,TWO,HAT,FLOOR,NUMBER,ELEVEN,PROGRAM,EMPLOYEE
ORANGE,RELAY,FOUR,MANGOE,APPLE,NUMBER,EIGHT,POINT,EMPLOYEE
APPLE,RESISTOR,FIVE,JACKET,DOOR,LETTER,SEVEN,WINDOW,WORKER
GRAPEFRUIT,TRANSISTOR,ONE,PANTS,DOOR,SYMBOL,EIGHT,WINDOW,STANDARD
MANGOE,CAPACITOR,FIVE,HAT,FLOOR,POINT,TEN,WINDOW,STANDARD
MANGOE,TRANSISTOR,FIVE,PANTS,APPLE,SYMBOL,NINE,POINT,EMPLOYEE
ORANGE,TRANSISTOR,TWO,PANTS,DOOR,POINT,EIGHT,MANAGER,WORKER
APPLE,CAPACITOR,FIVE,HAT,FLOOR,SYMBOL,NINE,WINDOW,EMPLOYEE
GRAPEFRUIT,CAPACITOR,THREE,HAT,DOOR,LETTER,ELEVEN,DOOR,EMPLOYEE
APPLE,APPLE,THREE,HAT,FIVE,NUMBER,TEN,POINT,ORANGE
GRAPEFRUIT,RELAY,THREE,HAT,FLOOR,SYMBOL,NINE,WINDOW,EMPLOYER
GRAPEFRUIT,APPLE,FOUR,HAT,APPLE,LETTER,SEVEN,WINDOW,EMPLOYEE
GRAPEFRUIT,CAPACITOR,FOUR,PANTS,BED,POINT,TEN,PROGRAM,WORKER
ORANGE,APPLE,THREE,PANTS,FIVE,SQUARE,NINE,WINDOW,STANDARD
BANANA,RELAY,FOUR,PANTS,FIVE,SYMBOL,SEVEN,POINT,WORKER
MANGOE,TRANSISTOR,ONE,HAT,APPLE,SYMBOL,SEVEN,DOOR,EMPLOYEE
GRAPEFRUIT,TRANSISTOR,FOUR,JACKET,APPLE,SYMBOL,TEN,DOOR,EMPLOYER
APPLE,CAPACITOR,FOUR,PANTS,APPLE,LETTER,NINE,PROGRAM,WORKER
BANANA,APPLE,TWO,JACKET,APPLE,SYMBOL,SEVEN,WINDOW,STANDARD
BANANA,CAPACITOR,FIVE,JACKET,FIVE,SQUARE,SEVEN,POINT,ORANGE
APPLE,RESISTOR,THREE,HAT,APPLE,SQUARE,NINE,POINT,EMPLOYER
ORANGE,RESISTOR,FIVE,HAT,APPLE,NUMBER,TEN,DOOR,WORKER
BANANA,CAPACITOR,FOUR,HAT,BED,SYMBOL,ELEVEN,PROGRAM,STANDARD
BANANA,RELAY,FIVE,BOOTS,DOOR,NUMBER,SEVEN,WINDOW,STANDARD
APPLE,APPLE,FIVE,PANTS,FLOOR,SYMBOL,ELEVEN,POINT,STANDARD
GRAPEFRUIT,TRANSISTOR,TWO,MANGOE,APPLE,POINT,EIGHT,WINDOW,WORKER
BANANA,RELAY,FOUR,JACKET,APPLE,POINT,SEVEN,WINDOW,ORANGE
GRAPEFRUIT,RELAY,TWO,JACKET,DOOR,NUMBER,EIGHT,WINDOW,ORANGE
MANGOE,TRANSISTOR,ONE,HAT,FIVE,SYMBOL,EIGHT,MANAGER,ORANGE
ORANGE,RESISTOR,FOUR,BOOTS,APPLE,NUMBER,ELEVEN,WINDOW,ORANGE
ORANGE,RESISTOR,FIVE,MANGOE,APPLE,SQUARE,TEN,WINDOW,WORKER
ORANGE,RESISTOR,TWO,BOOTS,DOOR,NUMBER,TEN,PROGRAM,STANDARD
GRAPEFRUIT,RELAY,THREE,BOOTS,APPLE,LETTER,NINE,PROGRAM,ORANGE
APPLE,RELAY,FIVE,MANGOE,BED,POINT,SEVEN,POINT,WORKER
ORANGE,CAPACITOR,THREE,PANTS,FIVE,SQUARE,TEN,DOOR,WORKER
MANGOE,TRANSISTOR,ONE,MANGOE,FLOOR,NUMBER,SEVEN,MANAGER,STANDARD
BANANA,RESISTOR,FOUR,PANTS,DOOR,SQUARE,SEVEN,MANAGER,WORKER
MANGOE,CAPACITOR,THREE,PANTS,BED,POINT,TEN,POINT,WORKER
BANANA,APPLE,FOUR,HAT,FLOOR,SYMBOL,EIGHT,POINT,EMPLOYER
MANGOE,RESISTOR,TWO,HAT,DOOR,LETTER,EIGHT,MANAGER,STANDARD
MANGOE,CAPACITOR,FIVE,HAT,DOOR,LETTER,TEN,POINT,EMPLOYER
APPLE,CAPACITOR,THREE,BOOTS,DOOR,LETTER,SEVEN,PROGRAM,EMPLOYEE
ORANGE,TRANSISTOR,ONE,PANTS,FLOOR,SQUARE,SEVEN,MANAGER,STANDARD
BANANA,RELAY,THREE,PANTS,FIVE,POINT,SEVEN,PROGRAM,WORKER
BANANA,APPLE,TWO,MANGOE,FIVE,SYMBOL,EIGHT,PROGRAM,ORANGE
APPLE,RESISTOR,ONE,BOOTS,APPLE,POINT,TEN,WINDOW,EMPLOYEE
APPLE,CAPACITOR,ONE,BOOTS,BED,SYMBOL,NINE,MANAGER,STANDARD
GRAPEFRUIT,RESISTOR,ONE,MANGOE,DOOR,SQUARE,ELEVEN,POINT,EMPLOYER
GRAPEFRUIT,CAPACITOR,FOUR,PANTS,FLOOR,POINT,SEVEN,POINT,EMPLOYER
APPLE,CAPACITOR,FOUR,PANTS,APPLE,SYMBOL,SEVEN,MANAGER,ORANGE
ORANGE,RESISTOR,ONE,HAT,BED,SQUARE,SEVEN,PROGRAM,EMPLOYER
BANANA,APPLE,TWO,MANGOE,APPLE,POINT,SEVEN,WINDOW,EMPLOYEE
APPLE,TRANSISTOR,TWO,MANGOE,BED,POINT,EIGHT,WINDOW,WORKER
GRAPEFRUIT,APPLE,THREE,PANTS,FLOOR,SYMBOL,SEVEN,POINT,EMPLOYER
MANGOE,TRANSISTOR,FOUR,BOOTS,FIVE,NUMBER,EIGHT,MANAGER,WORKER
APPLE,APPLE,FIVE,BOOTS,BED,NUMBER,ELEVEN,PROGRAM,STANDARD
BANANA,RELAY,FOUR,PANTS,DOOR,POINT,ELEVEN,MANAGER,WORKER
GRAPEFRUIT,TRANSISTOR,THREE,PANTS,BED,LETTER,TEN,PROGRAM,EMPLOYER
MANGOE,RESISTOR,TWO,BOOTS,FLOOR,SYMBOL,ELEVEN,WINDOW,EMPLOYER
MANGOE,RESISTOR,FIVE,BOOTS,BED,SQUARE,TEN,POINT,ORANGE
BANANA,RELAY,ONE,BOOTS,APPLE,POINT,EIGHT,POINT,ORANGE
ORANGE,RESISTOR,FOUR,PANTS,FLOOR,LETTER,EIGHT,DOOR,EMPLOYER
BANANA,CAPACITOR,ONE,MANGOE,APPLE,SYMBOL,TEN,PROGRAM,STANDARD
